area_id,num_alleg,race
1551,364,""
1551,26,Asian/Pacific Islander
1551,4275,Black
1551,135,Hispanic
1551,8,Native American/Alaskan Native
1551,449,White
1550,261,""
1550,83,Asian/Pacific Islander
1550,2526,Black
1550,1378,Hispanic
1550,15,Native American/Alaskan Native
1550,906,White
1549,956,""
1549,93,Asian/Pacific Islander
1549,3027,Black
1549,400,Hispanic
1549,21,Native American/Alaskan Native
1549,1448,White
1548,292,""
1548,11,Asian/Pacific Islander
1548,2726,Black
1548,1184,Hispanic
1548,5,Native American/Alaskan Native
1548,262,White
1547,217,""
1547,13,Asian/Pacific Islander
1547,4100,Black
1547,126,Hispanic
1547,1,Native American/Alaskan Native
1547,216,White
1546,507,""
1546,32,Asian/Pacific Islander
1546,6721,Black
1546,412,Hispanic
1546,4,Native American/Alaskan Native
1546,417,White
1545,382,""
1545,63,Asian/Pacific Islander
1545,2035,Black
1545,811,Hispanic
1545,8,Native American/Alaskan Native
1545,868,White
1544,473,""
1544,91,Asian/Pacific Islander
1544,2189,Black
1544,337,Hispanic
1544,14,Native American/Alaskan Native
1544,1435,White
1543,421,""
1543,33,Asian/Pacific Islander
1543,3384,Black
1543,1527,Hispanic
1543,5,Native American/Alaskan Native
1543,1234,White
1542,298,""
1542,65,Asian/Pacific Islander
1542,396,Black
1542,650,Hispanic
1542,5,Native American/Alaskan Native
1542,1679,White
1541,283,""
1541,100,Asian/Pacific Islander
1541,1532,Black
1541,261,Hispanic
1541,9,Native American/Alaskan Native
1541,738,White
1540,244,""
1540,14,Asian/Pacific Islander
1540,4637,Black
1540,51,Hispanic
1540,1,Native American/Alaskan Native
1540,149,White
1539,245,""
1539,6,Asian/Pacific Islander
1539,3015,Black
1539,88,Hispanic
1539,2,Native American/Alaskan Native
1539,604,White
1538,2,Black
1537,379,""
1537,18,Asian/Pacific Islander
1537,6743,Black
1537,47,Hispanic
1537,4,Native American/Alaskan Native
1537,128,White
1536,320,""
1536,23,Asian/Pacific Islander
1536,4623,Black
1536,663,Hispanic
1536,274,White
1535,310,""
1535,22,Asian/Pacific Islander
1535,5207,Black
1535,47,Hispanic
1535,5,Native American/Alaskan Native
1535,142,White
1534,316,""
1534,27,Asian/Pacific Islander
1534,6186,Black
1534,101,Hispanic
1534,4,Native American/Alaskan Native
1534,137,White
1533,260,""
1533,24,Asian/Pacific Islander
1533,811,Black
1533,986,Hispanic
1533,2,Native American/Alaskan Native
1533,753,White
1532,302,""
1532,21,Asian/Pacific Islander
1532,2184,Black
1532,1625,Hispanic
1532,4,Native American/Alaskan Native
1532,720,White
1531,432,""
1531,91,Asian/Pacific Islander
1531,1621,Black
1531,585,Hispanic
1531,16,Native American/Alaskan Native
1531,1623,White
1530,4,""
1530,4,Hispanic
1530,19,White
1528,138,""
1528,69,Asian/Pacific Islander
1528,568,Black
1528,218,Hispanic
1528,8,Native American/Alaskan Native
1528,509,White
1527,177,""
1527,59,Asian/Pacific Islander
1527,378,Black
1527,651,Hispanic
1527,6,Native American/Alaskan Native
1527,718,White
1526,2,Black
1524,2,""
1524,12,Black
1522,5,Black
1521,1,Black
1520,1,Black
1519,2,Black
1519,1,White
1518,1,Black
1517,1,Asian/Pacific Islander
1517,12,Black
1517,2,Hispanic
1515,3,Black
1513,5,Black
1512,3,Black
1510,1,Asian/Pacific Islander
1510,3,Black
1509,2,Black
1508,2,""
1508,28,Black
1507,1,Black
1505,2,""
1505,1,Black
1505,1,White
1504,1,""
1504,5,Black
1503,6,Black
1502,2,Black
1502,2,Hispanic
1501,5,Black
1498,16,Black
1497,4,Black
1495,2,Black
1494,5,Hispanic
1492,1,Hispanic
1488,41,Black
1486,1,Black
1486,2,Hispanic
1483,2,Black
1481,2,Black
1480,2,Black
1476,1,""
1476,3,Black
1475,2,Black
1475,2,Hispanic
1475,1,White
1473,1,White
1471,1,White
1469,1,Black
1467,1,Black
1466,7,Black
1465,1,Black
1459,2,Hispanic
1457,3,Black
1456,2,Black
1455,4,Hispanic
1455,2,White
1449,4,Black
1448,7,""
1448,33,Black
1447,1,Black
1446,1,Black
1446,2,White
1445,2,Black
1445,1,White
1444,9,Black
1443,3,Black
1438,1,Black
1437,2,White
1435,12,Black
1429,3,Hispanic
1420,1,""
1420,1,White
1414,8,Black
1414,2,White
1411,2,Black
1411,1,White
1407,2,Black
1407,1,White
1404,2,Black
1402,1,Hispanic
1397,2,""
1388,2,""
1388,2,Black
1388,1,White
1386,2,Black
1384,2,White
1381,1,""
1381,1,Asian/Pacific Islander
1381,1,Black
1379,5,Black
1379,1,White
1376,2,Black
1376,2,Hispanic
1375,1,Black
1375,2,Hispanic
1372,8,Black
1371,2,White
1364,3,Black
1362,2,White
1358,1,Black
1357,2,Black
1354,6,Black
1353,2,Black
1353,6,Hispanic
1352,1,White
1343,1,Hispanic
1342,4,Black
1340,2,Hispanic
1339,2,Hispanic
1338,2,Hispanic
1336,2,Black
1336,2,Hispanic
1335,1,Hispanic
1335,3,White
1334,1,White
1331,9,Black
1330,4,Black
1325,1,""
1324,2,Hispanic
1319,3,Black
1319,2,Hispanic
1319,3,White
1318,1,Hispanic
1316,1,White
1314,7,Black
1314,2,White
1312,1,White
1311,2,Black
1311,1,White
1305,2,Asian/Pacific Islander
1305,1,Black
1305,1,Hispanic
1298,2,Black
1298,4,Hispanic
1298,2,White
1295,2,White
1293,1,White
1288,1,White
1286,1,White
1284,2,White
1282,2,""
1282,5,Black
1282,2,Hispanic
1282,5,White
1281,2,White
1275,1,Hispanic
1274,1,""
1274,10,Black
1274,1,White
1273,6,Black
1271,10,Black
1267,1,""
1263,2,""
1263,15,Black
1262,2,Hispanic
1259,1,""
1259,3,Black
1259,6,Hispanic
1259,1,White
1258,3,Black
1258,2,White
1256,1,""
1256,1,Black
1255,1,Hispanic
1254,2,Black
1251,1,White
1249,1,Black
1249,1,White
1247,2,Black
1246,2,Black
1244,2,White
1240,2,White
1236,1,White
1227,2,Hispanic
1227,3,White
1226,2,Black
1225,1,""
1225,2,Hispanic
1223,2,Black
1216,12,Black
1216,4,Hispanic
1214,7,Black
1213,2,Black
1211,4,Black
1209,2,Black
1207,5,Black
1205,21,Black
1203,3,Black
1202,6,Black
1201,2,""
1199,1,Hispanic
1198,11,""
1198,5,Black
1196,1,Black
1196,1,Hispanic
1195,2,Black
1193,1,Black
1191,2,Hispanic
1190,1,Hispanic
1188,1,White
1184,1,White
1183,8,Black
1182,2,White
1181,12,Black
1181,1,Hispanic
1178,1,Hispanic
1176,1,Black
1175,3,Black
1174,11,Black
1173,3,Black
1172,2,Black
1171,11,Black
1171,2,Hispanic
1170,2,Black
1168,2,Black
1167,2,Black
1166,1,Black
1165,1,Hispanic
1164,1,Black
1161,6,""
1161,2,Hispanic
1161,1,White
1160,2,Black
1160,1,Hispanic
1158,2,Black
1158,2,Hispanic
1157,3,""
1157,5,Black
1156,1,""
1156,1,Black
1155,2,White
1154,7,Black
1153,2,Hispanic
1151,1,Hispanic
1150,1,Hispanic
1149,1,Hispanic
1146,4,Black
1146,2,Hispanic
1146,1,White
1145,19,Black
1145,7,Hispanic
1145,4,White
1144,1,Black
1142,4,Hispanic
1140,1,Black
1140,3,Hispanic
1139,2,Black
1139,1,White
1137,1,Black
1137,1,White
1136,4,Black
1136,5,Hispanic
1136,1,White
1135,1,White
1132,2,Hispanic
1128,2,Black
1127,1,""
1127,1,Black
1125,2,Hispanic
1125,1,Native American/Alaskan Native
1124,4,Black
1124,1,White
1123,2,Black
1123,1,White
1122,2,Hispanic
1120,2,Asian/Pacific Islander
1117,1,Black
1117,1,White
1115,4,Black
1115,3,Hispanic
1115,3,White
1114,1,Asian/Pacific Islander
1112,2,White
1109,1,Asian/Pacific Islander
1109,2,Black
1109,1,Hispanic
1106,1,""
1105,8,""
1105,5,Black
1105,4,Hispanic
1105,7,White
1104,8,Black
1104,3,Hispanic
1104,1,White
1103,3,White
1102,1,""
1102,9,Black
1102,1,Hispanic
1102,1,White
1100,4,White
1098,2,""
1098,2,Black
1098,2,White
1097,2,""
1096,1,""
1096,2,Hispanic
1093,15,Black
1092,1,""
1092,1,White
1091,3,White
1090,1,""
1090,5,Black
1089,1,""
1089,3,Black
1086,5,Black
1084,1,""
1083,5,Black
1082,1,Hispanic
1082,4,White
1081,3,Black
1081,7,Hispanic
1081,4,White
1077,3,White
1075,3,Black
1074,1,""
1074,2,Hispanic
1072,1,White
1071,7,Hispanic
1070,1,White
1069,13,""
1069,1,Asian/Pacific Islander
1069,33,Black
1069,13,Hispanic
1069,27,White
1068,1,Hispanic
1068,1,White
1066,1,""
1066,1,White
1064,1,""
1063,4,White
1062,1,Black
1062,3,Hispanic
1059,2,""
1059,5,Black
1059,2,White
1058,2,Hispanic
1058,1,White
1057,1,""
1057,1,Black
1057,3,White
1054,8,White
1050,2,Black
1049,4,Black
1047,4,Black
1046,3,Black
1045,1,Black
1044,2,Black
1044,2,White
1043,6,Black
1041,6,Black
1037,1,""
1037,7,Black
1031,2,Hispanic
1030,2,White
1020,1,""
1017,5,Black
1016,12,Black
1014,4,""
1014,8,Black
1014,1,White
1013,2,Black
1013,1,Hispanic
1012,1,""
1012,1,White
1007,1,""
1004,1,""
1004,14,Black
1003,2,Black
1002,2,Black
1001,1,Black
1000,1,""
1000,2,White
997,2,Hispanic
997,1,White
996,3,Black
995,4,Black
993,2,Black
993,1,White
991,1,""
991,1,Black
991,1,White
988,1,Black
985,2,Hispanic
983,1,Black
977,4,Black
977,1,White
971,1,Black
965,2,""
965,2,Asian/Pacific Islander
965,1,Black
965,3,Hispanic
965,2,White
963,1,""
961,2,Black
961,1,Hispanic
957,2,Black
947,2,Black
938,1,Black
938,2,White
930,3,Black
929,1,White
925,1,Black
922,5,Hispanic
919,2,""
919,5,Black
912,1,Black
909,20,Black
909,7,White
908,1,""
908,7,Black
907,2,Black
907,1,Hispanic
907,1,White
903,1,Black
899,3,""
899,1,Black
895,1,Asian/Pacific Islander
895,9,Black
895,5,White
884,2,Hispanic
879,1,White
878,7,""
878,9,Black
878,6,Hispanic
878,2,White
874,4,Black
873,4,White
872,6,Black
863,7,Black
862,1,Black
855,3,Black
853,6,Black
850,2,Black
848,1,Black
845,2,Black
841,1,Black
840,2,Black
839,3,Black
837,1,Black
836,7,Black
835,2,Black
834,1,White
833,1,Black
833,1,White
832,11,Black
832,1,White
830,2,Black
829,2,""
829,5,Black
828,1,""
828,26,Black
827,1,""
827,16,Black
827,2,Hispanic
826,4,""
826,18,Black
825,1,Black
825,2,White
824,12,Black
823,4,White
822,2,Black
821,3,Black
819,2,Hispanic
817,1,Black
816,2,Black
813,1,Black
811,2,""
811,43,Black
811,1,White
809,2,""
809,30,Black
807,2,""
807,5,Black
806,1,Black
804,1,""
804,16,Black
803,2,Black
802,1,White
800,4,Black
787,1,Black
783,1,Black
781,2,Black
779,3,Black
778,4,Black
774,1,""
774,11,Black
774,1,White
764,1,""
764,8,Black
764,1,Hispanic
763,2,Black
761,2,Black
760,2,Black
757,1,Black
755,4,Black
755,4,White
751,1,Black
744,1,Black
743,6,Black
743,1,White
740,36,Black
740,6,Hispanic
740,7,White
739,2,Black
736,1,""
736,4,Hispanic
736,2,White
733,8,Black
729,1,Black
728,9,Hispanic
728,1,White
723,5,Hispanic
714,2,Hispanic
702,2,Black
701,2,Black
700,1,Black
696,2,Asian/Pacific Islander
696,1,Black
696,2,Hispanic
696,1,White
694,1,White
693,1,""
693,3,Black
691,3,Black
691,1,White
690,1,""
685,1,Black
684,4,Black
682,1,White
681,2,""
681,4,Black
680,12,Black
677,1,Black
676,2,""
676,4,Black
675,1,Black
670,7,Black
669,3,Black
667,3,Black
666,2,Black
665,1,Black
664,1,""
664,2,Black
661,1,Black
660,2,""
660,2,Black
658,1,Black
657,2,Black
655,9,Black
654,2,""
654,26,Black
653,8,Black
651,2,Black
646,42,Black
645,10,Black
644,3,Black
643,1,""
643,4,Black
642,2,Black
642,1,Hispanic
642,1,White
640,5,Black
639,2,Black
637,6,Black
636,2,Black
635,2,Hispanic
634,4,Black
633,3,""
633,25,Black
630,1,""
630,15,Black
629,10,Black
628,5,Black
628,1,White
627,5,Black
626,2,Black
625,5,Black
624,5,Black
623,2,""
623,23,Black
622,13,Black
621,3,Black
620,9,Black
620,1,White
619,1,Black
617,2,Black
616,7,Black
615,4,Black
613,4,Black
612,3,Black
611,1,Black
610,2,Black
610,1,White
609,1,White
608,8,Black
606,12,Black
605,1,Black
604,9,Black
603,11,Black
602,12,""
602,44,Black
598,1,Black
597,6,Black
596,2,""
595,1,Black
594,3,Black
594,1,Hispanic
590,32,Black
590,2,Hispanic
588,7,Black
586,1,Black
585,1,""
585,12,Black
584,4,""
584,5,Black
584,4,Hispanic
583,2,Hispanic
582,6,White
581,3,""
581,61,Black
581,1,Hispanic
580,2,Black
579,2,Hispanic
578,8,Black
577,1,Black
576,1,""
576,1,Hispanic
574,3,""
574,2,Black
574,8,Hispanic
574,5,White
572,6,Black
571,19,Black
571,1,White
569,3,Black
568,8,Black
567,18,Black
566,2,Black
566,1,White
564,1,""
563,1,Black
562,5,Black
561,5,Black
558,3,Black
554,2,Black
552,4,Black
550,15,Black
547,1,Black
547,8,Hispanic
547,4,White
546,2,""
546,9,Black
546,1,Hispanic
544,1,""
544,11,Black
543,4,Black
542,1,Black
540,1,""
540,32,Black
540,1,White
539,4,Black
539,3,Hispanic
535,2,Black
535,4,Hispanic
535,2,White
533,2,Hispanic
532,1,Hispanic
529,7,Black
528,2,""
528,4,Black
526,3,""
526,2,Black
526,2,Hispanic
524,1,Hispanic
523,2,Hispanic
520,2,Black
518,2,Black
516,2,Black
514,1,""
514,12,Black
514,2,Hispanic
513,6,Black
512,2,Black
512,1,Hispanic
511,1,Hispanic
510,10,Black
508,2,Black
507,2,Black
506,3,Black
503,7,Black
502,15,""
502,2,Asian/Pacific Islander
502,12,Black
502,31,Hispanic
502,2,Native American/Alaskan Native
502,107,White
501,77,""
501,19,Asian/Pacific Islander
501,310,Black
501,90,Hispanic
501,8,Native American/Alaskan Native
501,251,White
500,65,""
500,25,Asian/Pacific Islander
500,89,Black
500,44,Hispanic
500,189,White
499,69,""
499,2,Asian/Pacific Islander
499,871,Black
499,22,Hispanic
499,1,Native American/Alaskan Native
499,141,White
498,30,""
498,3,Asian/Pacific Islander
498,128,Black
498,33,Hispanic
498,271,White
497,78,""
497,1131,Black
497,6,Hispanic
497,1,Native American/Alaskan Native
497,33,White
496,27,""
496,258,Black
496,24,Hispanic
496,153,White
495,199,""
495,10,Asian/Pacific Islander
495,3722,Black
495,25,Hispanic
495,3,Native American/Alaskan Native
495,70,White
494,42,""
494,10,Asian/Pacific Islander
494,706,Black
494,111,Hispanic
494,144,White
493,107,""
493,13,Asian/Pacific Islander
493,279,Black
493,113,Hispanic
493,362,White
492,125,""
492,5,Asian/Pacific Islander
492,2501,Black
492,11,Hispanic
492,2,Native American/Alaskan Native
492,59,White
491,130,""
491,14,Asian/Pacific Islander
491,2466,Black
491,25,Hispanic
491,4,Native American/Alaskan Native
491,47,White
490,170,""
490,12,Asian/Pacific Islander
490,3470,Black
490,76,Hispanic
490,1,Native American/Alaskan Native
490,87,White
489,140,""
489,4,Asian/Pacific Islander
489,1924,Black
489,338,Hispanic
489,3,Native American/Alaskan Native
489,185,White
488,25,""
488,2,Asian/Pacific Islander
488,107,Black
488,194,Hispanic
488,55,White
487,45,""
487,8,Asian/Pacific Islander
487,71,Black
487,155,Hispanic
487,1,Native American/Alaskan Native
487,235,White
486,36,""
486,220,Black
486,322,Hispanic
486,3,Native American/Alaskan Native
486,73,White
485,19,""
485,43,Black
485,107,Hispanic
485,55,White
484,89,""
484,5,Asian/Pacific Islander
484,1408,Black
484,428,Hispanic
484,3,Native American/Alaskan Native
484,260,White
483,45,""
483,30,Asian/Pacific Islander
483,234,Black
483,230,Hispanic
483,3,Native American/Alaskan Native
483,308,White
482,218,""
482,51,Asian/Pacific Islander
482,705,Black
482,239,Hispanic
482,10,Native American/Alaskan Native
482,909,White
481,20,""
481,11,Asian/Pacific Islander
481,88,Black
481,150,Hispanic
481,89,White
480,38,""
480,7,Asian/Pacific Islander
480,170,Black
480,420,Hispanic
480,6,Native American/Alaskan Native
480,128,White
479,24,""
479,50,Black
479,118,Hispanic
479,45,White
478,104,""
478,9,Asian/Pacific Islander
478,317,Black
478,273,Hispanic
478,454,White
477,18,""
477,1,Asian/Pacific Islander
477,91,Black
477,126,Hispanic
477,68,White
476,19,""
476,241,Black
476,3,Hispanic
476,6,White
475,61,""
475,7,Asian/Pacific Islander
475,1343,Black
475,8,Hispanic
475,20,White
474,27,""
474,119,Black
474,228,Hispanic
474,55,White
473,46,""
473,1,Asian/Pacific Islander
473,793,Black
473,150,Hispanic
473,60,White
472,56,""
472,2,Asian/Pacific Islander
472,1186,Black
472,29,Hispanic
472,85,White
471,62,""
471,16,Asian/Pacific Islander
471,263,Black
471,205,Hispanic
471,1,Native American/Alaskan Native
471,326,White
470,160,""
470,6,Asian/Pacific Islander
470,2513,Black
470,13,Hispanic
470,1,Native American/Alaskan Native
470,51,White
469,18,""
469,2,Asian/Pacific Islander
469,418,Black
469,20,Hispanic
469,21,White
468,8,""
468,121,Black
468,1,White
467,116,""
467,9,Asian/Pacific Islander
467,1614,Black
467,121,Hispanic
467,43,White
466,31,""
466,417,Black
466,5,Hispanic
466,6,White
465,129,""
465,5,Asian/Pacific Islander
465,1998,Black
465,18,Hispanic
465,1,Native American/Alaskan Native
465,28,White
464,153,""
464,23,Asian/Pacific Islander
464,2747,Black
464,36,Hispanic
464,51,White
463,761,""
463,40,Asian/Pacific Islander
463,1649,Black
463,266,Hispanic
463,9,Native American/Alaskan Native
463,1008,White
462,409,""
462,83,Asian/Pacific Islander
462,2010,Black
462,264,Hispanic
462,14,Native American/Alaskan Native
462,1188,White
461,55,""
461,5,Asian/Pacific Islander
461,54,Black
461,98,Hispanic
461,2,Native American/Alaskan Native
461,367,White
460,34,""
460,29,Asian/Pacific Islander
460,194,Black
460,37,Hispanic
460,95,White
459,123,""
459,36,Asian/Pacific Islander
459,906,Black
459,98,Hispanic
459,12,Native American/Alaskan Native
459,311,White
458,53,""
458,5,Asian/Pacific Islander
458,212,Black
458,373,Hispanic
458,1,Native American/Alaskan Native
458,101,White
457,139,""
457,3,Asian/Pacific Islander
457,439,Black
457,911,Hispanic
457,135,White
456,136,""
456,32,Asian/Pacific Islander
456,736,Black
456,127,Hispanic
456,4,Native American/Alaskan Native
456,304,White
455,189,""
455,12,Asian/Pacific Islander
455,2887,Black
455,269,Hispanic
455,7,Native American/Alaskan Native
455,184,White
454,287,""
454,50,Asian/Pacific Islander
454,1564,Black
454,277,Hispanic
454,6,Native American/Alaskan Native
454,609,White
453,165,""
453,19,Asian/Pacific Islander
453,2296,Black
453,122,Hispanic
453,2,Native American/Alaskan Native
453,159,White
452,156,""
452,3,Asian/Pacific Islander
452,1768,Black
452,45,Hispanic
452,56,White
451,320,""
451,17,Asian/Pacific Islander
451,5543,Black
451,240,Hispanic
451,1,Native American/Alaskan Native
451,308,White
450,180,""
450,25,Asian/Pacific Islander
450,715,Black
450,547,Hispanic
450,2,Native American/Alaskan Native
450,507,White
449,170,""
449,13,Asian/Pacific Islander
449,2231,Black
449,501,Hispanic
449,209,White
448,130,""
448,11,Asian/Pacific Islander
448,375,Black
448,625,Hispanic
448,429,White
447,53,""
447,9,Asian/Pacific Islander
447,103,Black
447,222,Hispanic
447,3,Native American/Alaskan Native
447,175,White
446,11,""
446,82,Black
446,197,Hispanic
446,2,Native American/Alaskan Native
446,32,White
445,116,""
445,86,Asian/Pacific Islander
445,467,Black
445,132,Hispanic
445,7,Native American/Alaskan Native
445,336,White
444,149,""
444,13,Asian/Pacific Islander
444,615,Black
444,835,Hispanic
444,2,Native American/Alaskan Native
444,440,White
443,19,""
443,1,Asian/Pacific Islander
443,29,Black
443,70,Hispanic
443,56,White
442,38,""
442,2,Asian/Pacific Islander
442,44,Black
442,105,Hispanic
442,282,White
441,73,""
441,10,Asian/Pacific Islander
441,124,Black
441,218,Hispanic
441,248,White
440,55,""
440,13,Asian/Pacific Islander
440,125,Black
440,272,Hispanic
440,1,Native American/Alaskan Native
440,341,White
439,60,""
439,28,Asian/Pacific Islander
439,170,Black
439,261,Hispanic
439,4,Native American/Alaskan Native
439,249,White
438,23,""
438,13,Asian/Pacific Islander
438,30,Black
438,66,Hispanic
438,89,White
437,20,""
437,8,Asian/Pacific Islander
437,19,Black
437,27,Hispanic
437,127,White
436,60,""
436,15,Asian/Pacific Islander
436,63,Black
436,114,Hispanic
436,343,White
435,158,""
435,15,Asian/Pacific Islander
435,995,Black
435,107,Hispanic
435,1,Native American/Alaskan Native
435,377,White
434,134,""
434,8,Asian/Pacific Islander
434,2132,Black
434,19,Hispanic
434,3,Native American/Alaskan Native
434,74,White
433,46,""
433,406,Black
433,6,Hispanic
433,66,White
432,43,""
432,4,Asian/Pacific Islander
432,874,Black
432,6,Hispanic
432,19,White
431,43,""
431,36,Asian/Pacific Islander
431,145,Black
431,124,Hispanic
431,2,Native American/Alaskan Native
431,252,White
430,31,""
430,4,Asian/Pacific Islander
430,409,Black
430,5,Hispanic
430,1,Native American/Alaskan Native
430,40,White
429,66,""
429,4,Asian/Pacific Islander
429,1084,Black
429,6,Hispanic
429,32,White
428,80,""
428,4,Asian/Pacific Islander
428,963,Black
428,64,Hispanic
428,2,Native American/Alaskan Native
428,108,White
427,4,""
427,124,Black
427,4,Hispanic
427,6,White
426,147,""
426,14,Asian/Pacific Islander
426,1162,Black
426,75,Hispanic
426,5,Native American/Alaskan Native
426,217,White
425,100,""
425,18,Asian/Pacific Islander
425,135,Black
425,235,Hispanic
425,2,Native American/Alaskan Native
425,547,White
424,109,""
424,13,Asian/Pacific Islander
424,578,Black
424,572,Hispanic
424,1,Native American/Alaskan Native
424,208,White
423,97,""
423,50,Asian/Pacific Islander
423,536,Black
423,341,Hispanic
423,4,Native American/Alaskan Native
423,579,White
422,102,""
422,3,Asian/Pacific Islander
422,836,Black
422,538,Hispanic
422,162,White
421,399,""
421,53,Asian/Pacific Islander
421,3378,Black
421,373,Hispanic
421,9,Native American/Alaskan Native
421,727,White
420,243,""
420,14,Asian/Pacific Islander
420,3264,Black
420,476,Hispanic
420,1,Native American/Alaskan Native
420,347,White
419,45,""
419,1,Asian/Pacific Islander
419,210,Black
419,331,Hispanic
419,182,White
418,196,""
418,11,Asian/Pacific Islander
418,3298,Black
418,41,Hispanic
418,1,Native American/Alaskan Native
418,122,White
417,95,""
417,4,Asian/Pacific Islander
417,754,Black
417,78,Hispanic
417,1,Native American/Alaskan Native
417,555,White
416,147,""
416,16,Asian/Pacific Islander
416,513,Black
416,519,Hispanic
416,1,Native American/Alaskan Native
416,406,White
415,63,""
415,13,Asian/Pacific Islander
415,164,Black
415,185,Hispanic
415,329,White
414,132,""
414,31,Asian/Pacific Islander
414,661,Black
414,97,Hispanic
414,4,Native American/Alaskan Native
414,363,White
413,71,""
413,43,Asian/Pacific Islander
413,135,Black
413,218,Hispanic
413,381,White
412,150,""
412,13,Asian/Pacific Islander
412,2776,Black
412,123,Hispanic
412,94,White
411,426,""
411,70,Asian/Pacific Islander
411,1430,Black
411,229,Hispanic
411,10,Native American/Alaskan Native
411,1151,White
410,177,""
410,13,Asian/Pacific Islander
410,2752,Black
410,17,Hispanic
410,53,White
409,101,""
409,10,Asian/Pacific Islander
409,221,Black
409,84,Hispanic
409,4,Native American/Alaskan Native
409,299,White
408,150,""
408,12,Asian/Pacific Islander
408,2061,Black
408,24,Hispanic
408,96,White
407,201,""
407,21,Asian/Pacific Islander
407,4028,Black
407,31,Hispanic
407,7,Native American/Alaskan Native
407,76,White
406,196,""
406,5,Asian/Pacific Islander
406,3726,Black
406,97,Hispanic
406,2,Native American/Alaskan Native
406,79,White
405,78,""
405,14,Asian/Pacific Islander
405,1143,Black
405,127,Hispanic
405,1,Native American/Alaskan Native
405,173,White
404,131,""
404,30,Asian/Pacific Islander
404,149,Black
404,143,Hispanic
404,2,Native American/Alaskan Native
404,624,White
403,58,""
403,302,Black
403,553,Hispanic
403,93,White
402,87,""
402,73,Asian/Pacific Islander
402,327,Black
402,97,Hispanic
402,6,Native American/Alaskan Native
402,233,White
401,124,""
401,35,Asian/Pacific Islander
401,584,Black
401,415,Hispanic
401,1,Native American/Alaskan Native
401,221,White
400,148,""
400,28,Asian/Pacific Islander
400,560,Black
400,179,Hispanic
400,10,Native American/Alaskan Native
400,691,White
399,110,""
399,60,Asian/Pacific Islander
399,398,Black
399,196,Hispanic
399,3,Native American/Alaskan Native
399,496,White
398,330,""
398,18,Asian/Pacific Islander
398,4142,Black
398,208,Hispanic
398,2,Native American/Alaskan Native
398,317,White
397,158,""
397,6,Asian/Pacific Islander
397,2627,Black
397,12,Hispanic
397,52,White
396,76,""
396,3,Asian/Pacific Islander
396,101,Black
396,297,Hispanic
396,2,Native American/Alaskan Native
396,187,White
395,71,""
395,17,Asian/Pacific Islander
395,122,Black
395,225,Hispanic
395,3,Native American/Alaskan Native
395,220,White
394,41,""
394,10,Asian/Pacific Islander
394,66,Black
394,150,Hispanic
394,1,Native American/Alaskan Native
394,359,White
393,107,""
393,24,Asian/Pacific Islander
393,353,Black
393,255,Hispanic
393,2,Native American/Alaskan Native
393,380,White
392,29,""
392,4,Asian/Pacific Islander
392,154,Black
392,448,Hispanic
392,3,Native American/Alaskan Native
392,170,White
391,78,""
391,20,Asian/Pacific Islander
391,357,Black
391,84,Hispanic
391,8,Native American/Alaskan Native
391,225,White
390,65,""
390,12,Asian/Pacific Islander
390,135,Black
390,352,Hispanic
390,1,Native American/Alaskan Native
390,327,White
389,335,""
389,30,Asian/Pacific Islander
389,4166,Black
389,380,Hispanic
389,6,Native American/Alaskan Native
389,332,White
388,178,""
388,4,Asian/Pacific Islander
388,2949,Black
388,23,Hispanic
388,2,Native American/Alaskan Native
388,63,White
387,56,""
387,8,Asian/Pacific Islander
387,187,Black
387,344,Hispanic
387,3,Native American/Alaskan Native
387,164,White
386,115,""
386,22,Asian/Pacific Islander
386,543,Black
386,131,Hispanic
386,2,Native American/Alaskan Native
386,432,White
385,647,""
385,29,Asian/Pacific Islander
385,2268,Black
385,199,Hispanic
385,11,Native American/Alaskan Native
385,634,White
384,362,""
384,52,Asian/Pacific Islander
384,3863,Black
384,231,Hispanic
384,15,Native American/Alaskan Native
384,587,White
383,66,""
383,2,Asian/Pacific Islander
383,190,Black
383,476,Hispanic
383,2,Native American/Alaskan Native
383,214,White
382,157,""
382,10,Asian/Pacific Islander
382,2223,Black
382,147,Hispanic
382,194,White
381,124,""
381,6,Asian/Pacific Islander
381,444,Black
381,475,Hispanic
381,425,White
380,130,""
380,10,Asian/Pacific Islander
380,911,Black
380,87,Hispanic
380,278,White
379,191,""
379,8,Asian/Pacific Islander
379,3454,Black
379,153,Hispanic
379,4,Native American/Alaskan Native
379,140,White
378,66,""
378,7,Asian/Pacific Islander
378,919,Black
378,400,Hispanic
378,7,Native American/Alaskan Native
378,125,White
377,194,""
377,11,Asian/Pacific Islander
377,3532,Black
377,213,Hispanic
377,3,Native American/Alaskan Native
377,125,White
376,65,""
376,17,Asian/Pacific Islander
376,263,Black
376,673,Hispanic
376,173,White
375,209,""
375,50,Asian/Pacific Islander
375,1075,Black
375,161,Hispanic
375,3,Native American/Alaskan Native
375,584,White
374,7,""
374,3,Asian/Pacific Islander
374,36,Black
374,13,Hispanic
374,1,Native American/Alaskan Native
374,56,White
373,36,""
373,2,Asian/Pacific Islander
373,83,Black
373,18,Hispanic
373,7,Native American/Alaskan Native
373,118,White
372,59,""
372,7,Asian/Pacific Islander
372,327,Black
372,18,Hispanic
372,132,White
371,10,""
371,3,Asian/Pacific Islander
371,40,Black
371,58,Hispanic
371,39,White
370,309,""
370,17,Asian/Pacific Islander
370,5446,Black
370,211,Hispanic
370,1,Native American/Alaskan Native
370,289,White
369,149,""
369,13,Asian/Pacific Islander
369,615,Black
369,835,Hispanic
369,2,Native American/Alaskan Native
369,440,White
368,19,""
368,1,Asian/Pacific Islander
368,29,Black
368,70,Hispanic
368,56,White
367,11,""
367,97,Black
367,29,Hispanic
367,19,White
366,50,""
366,2,Asian/Pacific Islander
366,175,Black
366,131,Hispanic
366,1,Native American/Alaskan Native
366,163,White
365,51,""
365,11,Asian/Pacific Islander
365,216,Black
365,94,Hispanic
365,186,White
364,10,""
364,3,Asian/Pacific Islander
364,60,Black
364,34,Hispanic
364,39,White
363,17,""
363,18,Asian/Pacific Islander
363,71,Black
363,12,Hispanic
363,19,White
362,25,""
362,2,Asian/Pacific Islander
362,107,Black
362,194,Hispanic
362,55,White
361,45,""
361,8,Asian/Pacific Islander
361,71,Black
361,155,Hispanic
361,1,Native American/Alaskan Native
361,235,White
360,36,""
360,220,Black
360,322,Hispanic
360,3,Native American/Alaskan Native
360,73,White
359,19,""
359,43,Black
359,107,Hispanic
359,55,White
358,45,""
358,30,Asian/Pacific Islander
358,234,Black
358,230,Hispanic
358,3,Native American/Alaskan Native
358,308,White
357,20,""
357,11,Asian/Pacific Islander
357,88,Black
357,150,Hispanic
357,89,White
356,38,""
356,7,Asian/Pacific Islander
356,170,Black
356,420,Hispanic
356,6,Native American/Alaskan Native
356,128,White
355,24,""
355,50,Black
355,118,Hispanic
355,45,White
354,41,""
354,7,Asian/Pacific Islander
354,227,Black
354,17,Hispanic
354,135,White
353,8,""
353,4,Asian/Pacific Islander
353,32,Black
353,18,Hispanic
353,3,Native American/Alaskan Native
353,52,White
352,35,""
352,6,Asian/Pacific Islander
352,63,Black
352,34,Hispanic
352,3,Native American/Alaskan Native
352,128,White
351,53,""
351,5,Asian/Pacific Islander
351,212,Black
351,373,Hispanic
351,1,Native American/Alaskan Native
351,101,White
350,19,""
350,2,Asian/Pacific Islander
350,53,Black
350,57,Hispanic
350,102,White
349,147,""
349,26,Asian/Pacific Islander
349,455,Black
349,116,Hispanic
349,3,Native American/Alaskan Native
349,304,White
348,22,""
348,3,Asian/Pacific Islander
348,54,Black
348,7,Hispanic
348,42,White
347,41,""
347,391,Black
347,6,Hispanic
347,65,White
346,15,""
346,2,Asian/Pacific Islander
346,12,Black
346,31,Hispanic
346,2,Native American/Alaskan Native
346,107,White
345,78,""
345,1131,Black
345,6,Hispanic
345,1,Native American/Alaskan Native
345,33,White
344,27,""
344,258,Black
344,24,Hispanic
344,153,White
343,199,""
343,10,Asian/Pacific Islander
343,3722,Black
343,25,Hispanic
343,3,Native American/Alaskan Native
343,70,White
342,140,""
342,4,Asian/Pacific Islander
342,1924,Black
342,338,Hispanic
342,3,Native American/Alaskan Native
342,185,White
341,108,""
341,33,Asian/Pacific Islander
341,863,Black
341,81,Hispanic
341,11,Native American/Alaskan Native
341,266,White
340,8,""
340,1,Asian/Pacific Islander
340,13,Black
340,3,Hispanic
340,13,White
339,43,""
339,4,Asian/Pacific Islander
339,874,Black
339,6,Hispanic
339,19,White
338,43,""
338,36,Asian/Pacific Islander
338,145,Black
338,124,Hispanic
338,2,Native American/Alaskan Native
338,252,White
337,6,""
337,30,Black
337,5,Hispanic
337,14,White
336,55,""
336,8,Asian/Pacific Islander
336,191,Black
336,90,Hispanic
336,254,White
335,176,""
335,42,Asian/Pacific Islander
335,606,Black
335,192,Hispanic
335,6,Native American/Alaskan Native
335,725,White
334,69,""
334,15,Asian/Pacific Islander
334,278,Black
334,72,Hispanic
334,5,Native American/Alaskan Native
334,199,White
333,15,""
333,3,Asian/Pacific Islander
333,43,Black
333,17,Hispanic
333,1,Native American/Alaskan Native
333,45,White
332,3,""
332,1,Asian/Pacific Islander
332,26,Black
332,13,Hispanic
332,15,White
331,727,""
331,36,Asian/Pacific Islander
331,1550,Black
331,256,Hispanic
331,9,Native American/Alaskan Native
331,935,White
330,12,""
330,167,Black
330,2,Hispanic
330,7,White
329,65,""
329,25,Asian/Pacific Islander
329,89,Black
329,44,Hispanic
329,189,White
328,69,""
328,2,Asian/Pacific Islander
328,871,Black
328,22,Hispanic
328,1,Native American/Alaskan Native
328,141,White
327,30,""
327,3,Asian/Pacific Islander
327,128,Black
327,33,Hispanic
327,271,White
326,42,""
326,10,Asian/Pacific Islander
326,706,Black
326,111,Hispanic
326,144,White
325,125,""
325,5,Asian/Pacific Islander
325,2501,Black
325,11,Hispanic
325,2,Native American/Alaskan Native
325,59,White
324,300,""
324,26,Asian/Pacific Islander
324,5936,Black
324,101,Hispanic
324,5,Native American/Alaskan Native
324,134,White
323,89,""
323,5,Asian/Pacific Islander
323,1408,Black
323,428,Hispanic
323,3,Native American/Alaskan Native
323,260,White
322,104,""
322,9,Asian/Pacific Islander
322,317,Black
322,273,Hispanic
322,454,White
321,61,""
321,7,Asian/Pacific Islander
321,1343,Black
321,8,Hispanic
321,20,White
320,27,""
320,119,Black
320,228,Hispanic
320,55,White
319,46,""
319,1,Asian/Pacific Islander
319,793,Black
319,150,Hispanic
319,60,White
318,62,""
318,16,Asian/Pacific Islander
318,263,Black
318,205,Hispanic
318,1,Native American/Alaskan Native
318,326,White
317,160,""
317,6,Asian/Pacific Islander
317,2513,Black
317,13,Hispanic
317,1,Native American/Alaskan Native
317,51,White
316,116,""
316,9,Asian/Pacific Islander
316,1614,Black
316,121,Hispanic
316,43,White
315,129,""
315,5,Asian/Pacific Islander
315,1998,Black
315,18,Hispanic
315,1,Native American/Alaskan Native
315,28,White
314,153,""
314,23,Asian/Pacific Islander
314,2747,Black
314,36,Hispanic
314,51,White
313,81,""
313,18,Asian/Pacific Islander
313,313,Black
313,52,Hispanic
313,4,Native American/Alaskan Native
313,262,White
312,55,""
312,5,Asian/Pacific Islander
312,54,Black
312,98,Hispanic
312,2,Native American/Alaskan Native
312,367,White
311,136,""
311,32,Asian/Pacific Islander
311,736,Black
311,127,Hispanic
311,4,Native American/Alaskan Native
311,304,White
310,116,""
310,86,Asian/Pacific Islander
310,467,Black
310,132,Hispanic
310,7,Native American/Alaskan Native
310,336,White
309,38,""
309,2,Asian/Pacific Islander
309,44,Black
309,105,Hispanic
309,282,White
308,73,""
308,10,Asian/Pacific Islander
308,124,Black
308,218,Hispanic
308,248,White
307,60,""
307,28,Asian/Pacific Islander
307,170,Black
307,261,Hispanic
307,4,Native American/Alaskan Native
307,249,White
306,23,""
306,13,Asian/Pacific Islander
306,30,Black
306,66,Hispanic
306,89,White
305,20,""
305,8,Asian/Pacific Islander
305,19,Black
305,27,Hispanic
305,127,White
304,60,""
304,15,Asian/Pacific Islander
304,63,Black
304,114,Hispanic
304,343,White
303,158,""
303,15,Asian/Pacific Islander
303,995,Black
303,107,Hispanic
303,1,Native American/Alaskan Native
303,377,White
302,31,""
302,4,Asian/Pacific Islander
302,409,Black
302,5,Hispanic
302,1,Native American/Alaskan Native
302,40,White
301,106,""
301,17,Asian/Pacific Islander
301,612,Black
301,113,Hispanic
301,2,Native American/Alaskan Native
301,229,White
300,111,""
300,9,Asian/Pacific Islander
300,322,Black
300,568,Hispanic
300,327,White
299,53,""
299,9,Asian/Pacific Islander
299,103,Black
299,222,Hispanic
299,3,Native American/Alaskan Native
299,175,White
298,11,""
298,82,Black
298,197,Hispanic
298,2,Native American/Alaskan Native
298,32,White
297,55,""
297,13,Asian/Pacific Islander
297,125,Black
297,272,Hispanic
297,1,Native American/Alaskan Native
297,341,White
296,127,""
296,8,Asian/Pacific Islander
296,1980,Black
296,17,Hispanic
296,3,Native American/Alaskan Native
296,68,White
295,80,""
295,4,Asian/Pacific Islander
295,963,Black
295,64,Hispanic
295,2,Native American/Alaskan Native
295,108,White
294,4,""
294,124,Black
294,4,Hispanic
294,6,White
293,147,""
293,14,Asian/Pacific Islander
293,1162,Black
293,75,Hispanic
293,5,Native American/Alaskan Native
293,217,White
292,18,""
292,1,Asian/Pacific Islander
292,91,Black
292,126,Hispanic
292,68,White
291,19,""
291,241,Black
291,3,Hispanic
291,6,White
290,56,""
290,2,Asian/Pacific Islander
290,1186,Black
290,29,Hispanic
290,85,White
289,18,""
289,2,Asian/Pacific Islander
289,418,Black
289,20,Hispanic
289,21,White
288,8,""
288,121,Black
288,1,White
287,31,""
287,417,Black
287,5,Hispanic
287,6,White
286,17,""
286,11,Asian/Pacific Islander
286,123,Black
286,25,Hispanic
286,76,White
285,139,""
285,3,Asian/Pacific Islander
285,439,Black
285,911,Hispanic
285,135,White
284,189,""
284,12,Asian/Pacific Islander
284,2887,Black
284,269,Hispanic
284,7,Native American/Alaskan Native
284,184,White
283,321,""
283,22,Asian/Pacific Islander
283,4064,Black
283,167,Hispanic
283,2,Native American/Alaskan Native
283,215,White
282,229,""
282,19,Asian/Pacific Islander
282,2455,Black
282,731,Hispanic
282,1,Native American/Alaskan Native
282,289,White
281,29,""
281,4,Asian/Pacific Islander
281,43,Black
281,16,Hispanic
281,52,White
280,31,""
280,6,Asian/Pacific Islander
280,471,Black
280,35,Hispanic
280,1,Native American/Alaskan Native
280,61,White
279,4,""
279,32,Black
279,17,White
278,66,""
278,4,Asian/Pacific Islander
278,1084,Black
278,6,Hispanic
278,32,White
277,42,""
277,2,Asian/Pacific Islander
277,604,Black
277,1,Hispanic
277,1,Native American/Alaskan Native
277,11,White
276,60,""
276,2,Asian/Pacific Islander
276,451,Black
276,235,Hispanic
276,1,Native American/Alaskan Native
276,117,White
275,6,""
275,177,Black
275,3,White
274,23,""
274,1,Asian/Pacific Islander
274,447,Black
274,3,Hispanic
274,15,White
273,31,""
273,1,Asian/Pacific Islander
273,421,Black
273,20,Hispanic
273,31,White
272,18,""
272,246,Black
272,1,Hispanic
272,9,White
271,33,""
271,3,Asian/Pacific Islander
271,51,Black
271,103,Hispanic
271,173,White
270,17,""
270,1,Asian/Pacific Islander
270,259,Black
270,13,Hispanic
270,9,White
269,7,""
269,200,Black
269,4,White
268,59,""
268,8,Asian/Pacific Islander
268,129,Black
268,167,Hispanic
268,1,Native American/Alaskan Native
268,170,White
267,13,""
267,2,Asian/Pacific Islander
267,308,Black
267,8,Hispanic
267,13,White
266,15,""
266,195,Black
266,114,Hispanic
266,2,Native American/Alaskan Native
266,32,White
265,38,""
265,5,Asian/Pacific Islander
265,933,Black
265,25,Hispanic
265,1,Native American/Alaskan Native
265,23,White
264,33,""
264,4,Asian/Pacific Islander
264,469,Black
264,7,Hispanic
264,9,White
263,22,""
263,462,Black
263,10,Hispanic
263,4,White
262,20,""
262,1,Asian/Pacific Islander
262,443,Black
262,2,Hispanic
262,6,White
261,61,""
261,2,Asian/Pacific Islander
261,1173,Black
261,33,Hispanic
261,84,White
260,31,""
260,1,Asian/Pacific Islander
260,115,Black
260,172,Hispanic
260,88,White
259,2,Black
258,20,""
258,1,Asian/Pacific Islander
258,383,Black
258,1,Hispanic
258,9,White
257,32,""
257,1,Asian/Pacific Islander
257,396,Black
257,5,Hispanic
257,1,Native American/Alaskan Native
257,9,White
256,26,""
256,329,Black
256,3,Hispanic
256,5,White
255,51,""
255,1,Asian/Pacific Islander
255,521,Black
255,21,Hispanic
255,1,Native American/Alaskan Native
255,164,White
254,26,""
254,2,Asian/Pacific Islander
254,603,Black
254,10,White
253,29,""
253,447,Black
253,98,Hispanic
253,36,White
252,42,""
252,3,Asian/Pacific Islander
252,168,Black
252,44,Hispanic
252,339,White
251,38,""
251,415,Black
251,9,White
250,17,""
250,192,Black
250,11,Hispanic
250,33,White
249,39,""
249,2,Asian/Pacific Islander
249,676,Black
249,2,Hispanic
249,17,White
248,12,""
248,1,Asian/Pacific Islander
248,283,Black
248,50,Hispanic
248,20,White
247,25,""
247,308,Black
247,4,White
246,14,""
246,90,Black
246,181,Hispanic
246,36,White
245,19,""
245,339,Black
245,9,Hispanic
245,10,White
244,17,""
244,1,Asian/Pacific Islander
244,310,Black
244,3,Hispanic
244,1,Native American/Alaskan Native
244,27,White
243,19,""
243,363,Black
243,2,Hispanic
243,5,White
242,15,""
242,334,Black
242,3,Hispanic
242,13,White
241,27,""
241,1,Asian/Pacific Islander
241,360,Black
241,4,Hispanic
241,13,White
240,26,""
240,4,Asian/Pacific Islander
240,443,Black
240,7,Hispanic
240,3,White
239,28,""
239,357,Black
239,5,Hispanic
239,9,White
238,29,""
238,538,Black
238,4,Hispanic
238,9,White
237,44,""
237,4,Asian/Pacific Islander
237,635,Black
237,55,Hispanic
237,27,White
236,32,""
236,2,Asian/Pacific Islander
236,296,Black
236,68,Hispanic
236,11,White
235,24,""
235,2,Asian/Pacific Islander
235,411,Black
235,1,Hispanic
235,8,White
234,22,""
234,227,Black
234,5,Hispanic
234,11,White
233,28,""
233,486,Black
233,1,Hispanic
233,1,Native American/Alaskan Native
233,6,White
232,27,""
232,3,Asian/Pacific Islander
232,499,Black
232,7,Hispanic
232,5,White
231,26,""
231,9,Asian/Pacific Islander
231,289,Black
231,74,Hispanic
231,102,White
230,25,""
230,5,Asian/Pacific Islander
230,572,Black
230,6,Hispanic
230,1,Native American/Alaskan Native
230,14,White
229,44,""
229,1,Asian/Pacific Islander
229,653,Black
229,2,Hispanic
229,10,White
228,65,""
228,1,Asian/Pacific Islander
228,1317,Black
228,12,Hispanic
228,2,Native American/Alaskan Native
228,27,White
227,18,""
227,476,Black
227,1,Hispanic
227,6,White
226,46,""
226,4,Asian/Pacific Islander
226,952,Black
226,4,Hispanic
226,17,White
225,18,""
225,1,Asian/Pacific Islander
225,385,Black
225,3,Hispanic
225,5,White
224,37,""
224,9,Asian/Pacific Islander
224,546,Black
224,3,Hispanic
224,13,White
223,28,""
223,1,Asian/Pacific Islander
223,449,Black
223,28,Hispanic
223,1,Native American/Alaskan Native
223,40,White
222,29,""
222,2,Asian/Pacific Islander
222,631,Black
222,12,Hispanic
222,14,White
221,39,""
221,1,Asian/Pacific Islander
221,484,Black
221,6,Hispanic
221,2,Native American/Alaskan Native
221,14,White
220,15,""
220,203,Black
220,1,Hispanic
220,5,White
219,18,""
219,414,Black
219,3,White
218,13,""
218,4,Asian/Pacific Islander
218,365,Black
218,3,Hispanic
218,9,White
217,20,""
217,2,Asian/Pacific Islander
217,364,Black
217,5,Hispanic
217,6,White
216,13,""
216,1,Asian/Pacific Islander
216,382,Black
216,4,Hispanic
216,8,White
215,17,""
215,1,Asian/Pacific Islander
215,359,Black
215,4,Hispanic
215,5,White
214,28,""
214,460,Black
214,8,Hispanic
214,7,White
213,15,""
213,318,Black
213,4,Hispanic
213,4,White
212,21,""
212,460,Black
212,5,Hispanic
212,3,White
211,8,""
211,241,Black
211,4,White
210,19,""
210,1,Asian/Pacific Islander
210,270,Black
210,1,Hispanic
210,2,White
209,31,""
209,6,Asian/Pacific Islander
209,416,Black
209,3,Hispanic
209,4,White
208,18,""
208,1,Asian/Pacific Islander
208,267,Black
208,5,Hispanic
208,11,White
207,12,""
207,343,Black
207,13,White
206,14,""
206,5,Asian/Pacific Islander
206,95,Black
206,87,Hispanic
206,31,White
205,14,""
205,349,Black
205,48,Hispanic
205,17,White
204,28,""
204,2,Asian/Pacific Islander
204,574,Black
204,6,Hispanic
204,16,White
203,58,""
203,5,Asian/Pacific Islander
203,1013,Black
203,13,Hispanic
203,2,Native American/Alaskan Native
203,40,White
202,22,""
202,2,Asian/Pacific Islander
202,459,Black
202,8,Hispanic
202,9,White
201,25,""
201,2,Asian/Pacific Islander
201,579,Black
201,8,Hispanic
201,18,White
200,22,""
200,320,Black
200,2,Hispanic
200,10,White
199,18,""
199,11,Asian/Pacific Islander
199,369,Black
199,3,Hispanic
199,3,Native American/Alaskan Native
199,8,White
198,26,""
198,1,Asian/Pacific Islander
198,340,Black
198,3,Hispanic
198,10,White
197,25,""
197,1,Asian/Pacific Islander
197,83,Black
197,51,Hispanic
197,1,Native American/Alaskan Native
197,80,White
196,63,""
196,13,Asian/Pacific Islander
196,417,Black
196,58,Hispanic
196,2,Native American/Alaskan Native
196,213,White
195,31,""
195,7,Asian/Pacific Islander
195,272,Black
195,4,Hispanic
195,72,White
194,55,""
194,7,Asian/Pacific Islander
194,204,Black
194,32,Hispanic
194,7,Native American/Alaskan Native
194,191,White
193,31,""
193,2,Asian/Pacific Islander
193,323,Black
193,12,Hispanic
193,15,White
192,17,""
192,1,Asian/Pacific Islander
192,354,Black
192,21,Hispanic
192,20,White
191,8,""
191,93,Black
191,26,Hispanic
191,12,White
190,25,""
190,1,Asian/Pacific Islander
190,329,Black
190,68,Hispanic
190,23,White
189,18,""
189,1,Asian/Pacific Islander
189,169,Black
189,90,Hispanic
189,22,White
188,11,""
188,1,Asian/Pacific Islander
188,164,Black
188,148,Hispanic
188,33,White
187,20,""
187,4,Asian/Pacific Islander
187,136,Black
187,114,Hispanic
187,48,White
186,12,""
186,63,Black
186,128,Hispanic
186,37,White
185,16,""
185,40,Black
185,51,Hispanic
185,74,White
184,13,""
184,2,Asian/Pacific Islander
184,58,Black
184,27,Hispanic
184,56,White
183,19,""
183,36,Black
183,13,Hispanic
183,28,White
182,8,""
182,50,Black
182,113,Hispanic
182,26,White
181,11,""
181,22,Black
181,98,Hispanic
181,10,White
180,5,""
180,4,Asian/Pacific Islander
180,36,Black
180,15,Hispanic
180,58,White
179,18,""
179,1,Asian/Pacific Islander
179,51,Black
179,33,Hispanic
179,76,White
178,22,""
178,3,Asian/Pacific Islander
178,56,Black
178,12,Hispanic
178,84,White
177,95,""
177,12,Asian/Pacific Islander
177,428,Black
177,405,Hispanic
177,240,White
176,14,""
176,1,Asian/Pacific Islander
176,35,Black
176,76,Hispanic
176,52,White
175,26,""
175,2,Asian/Pacific Islander
175,35,Black
175,51,Hispanic
175,50,White
174,36,""
174,5,Asian/Pacific Islander
174,109,Black
174,169,Hispanic
174,142,White
173,21,""
173,1,Asian/Pacific Islander
173,86,Black
173,116,Hispanic
173,85,White
172,47,Black
172,128,Hispanic
172,26,White
171,24,""
171,3,Asian/Pacific Islander
171,55,Black
171,21,Hispanic
171,56,White
170,13,""
170,2,Asian/Pacific Islander
170,40,Black
170,36,Hispanic
170,71,White
169,19,""
169,11,Black
169,57,Hispanic
169,42,White
168,13,""
168,35,Black
168,106,Hispanic
168,1,Native American/Alaskan Native
168,82,White
167,18,""
167,1,Asian/Pacific Islander
167,49,Black
167,152,Hispanic
167,3,Native American/Alaskan Native
167,50,White
166,7,""
166,1,Asian/Pacific Islander
166,24,Black
166,85,Hispanic
166,34,White
165,20,""
165,6,Asian/Pacific Islander
165,32,Black
165,73,Hispanic
165,36,White
164,26,""
164,44,Black
164,64,Hispanic
164,1,Native American/Alaskan Native
164,70,White
163,22,""
163,4,Asian/Pacific Islander
163,26,Black
163,8,Hispanic
163,53,White
162,16,""
162,8,Asian/Pacific Islander
162,70,Black
162,41,Hispanic
162,68,White
161,28,""
161,9,Asian/Pacific Islander
161,201,Black
161,81,Hispanic
161,1,Native American/Alaskan Native
161,176,White
160,24,""
160,6,Asian/Pacific Islander
160,154,Black
160,1,Hispanic
160,24,White
159,20,""
159,37,Black
159,206,Hispanic
159,30,White
158,6,""
158,20,Black
158,157,Hispanic
158,11,White
157,18,""
157,11,Asian/Pacific Islander
157,76,Black
157,129,Hispanic
157,79,White
156,25,""
156,2,Asian/Pacific Islander
156,253,Black
156,13,Hispanic
156,2,Native American/Alaskan Native
156,27,White
155,28,""
155,12,Asian/Pacific Islander
155,130,Black
155,154,Hispanic
155,1,Native American/Alaskan Native
155,152,White
154,15,""
154,97,Black
154,115,Hispanic
154,12,White
153,36,""
153,150,Black
153,179,Hispanic
153,60,White
152,62,""
152,3,Asian/Pacific Islander
152,172,Black
152,126,Hispanic
152,33,White
151,27,""
151,1,Asian/Pacific Islander
151,304,Black
151,264,Hispanic
151,1,Native American/Alaskan Native
151,51,White
150,14,""
150,2,Asian/Pacific Islander
150,43,Black
150,165,Hispanic
150,33,White
149,17,""
149,3,Asian/Pacific Islander
149,61,Black
149,87,Hispanic
149,38,White
148,22,""
148,37,Asian/Pacific Islander
148,92,Black
148,35,Hispanic
148,1,Native American/Alaskan Native
148,76,White
147,19,""
147,249,Black
147,16,Hispanic
147,1,Native American/Alaskan Native
147,6,White
146,17,""
146,2,Asian/Pacific Islander
146,292,Black
146,10,Hispanic
146,4,White
145,20,""
145,3,Asian/Pacific Islander
145,524,Black
145,17,Hispanic
145,10,White
144,27,""
144,1,Asian/Pacific Islander
144,415,Black
144,8,Hispanic
144,2,Native American/Alaskan Native
144,12,White
143,24,""
143,1,Asian/Pacific Islander
143,315,Black
143,23,Hispanic
143,11,White
142,19,""
142,151,Black
142,63,Hispanic
142,1,Native American/Alaskan Native
142,22,White
141,21,""
141,1,Asian/Pacific Islander
141,215,Black
141,92,Hispanic
141,1,Native American/Alaskan Native
141,34,White
140,89,""
140,30,Asian/Pacific Islander
140,744,Black
140,74,Hispanic
140,7,Native American/Alaskan Native
140,214,White
139,29,""
139,7,Asian/Pacific Islander
139,151,Black
139,22,Hispanic
139,3,Native American/Alaskan Native
139,91,White
138,32,""
138,7,Asian/Pacific Islander
138,137,Black
138,14,Hispanic
138,52,White
137,26,""
137,2,Asian/Pacific Islander
137,437,Black
137,18,Hispanic
137,32,White
136,26,""
136,8,Asian/Pacific Islander
136,172,Black
136,25,Hispanic
136,2,Native American/Alaskan Native
136,84,White
135,21,""
135,293,Black
135,13,Hispanic
135,1,Native American/Alaskan Native
135,21,White
134,33,""
134,3,Asian/Pacific Islander
134,484,Black
134,8,Hispanic
134,21,White
133,30,""
133,3,Asian/Pacific Islander
133,480,Black
133,14,Hispanic
133,1,Native American/Alaskan Native
133,22,White
132,101,""
132,16,Asian/Pacific Islander
132,1195,Black
132,122,Hispanic
132,153,White
131,51,""
131,3,Asian/Pacific Islander
131,305,Black
131,35,Hispanic
131,1,Native American/Alaskan Native
131,96,White
130,48,""
130,8,Asian/Pacific Islander
130,160,Black
130,39,Hispanic
130,2,Native American/Alaskan Native
130,99,White
129,526,""
129,15,Asian/Pacific Islander
129,789,Black
129,159,Hispanic
129,3,Native American/Alaskan Native
129,433,White
128,28,""
128,288,Black
128,11,Hispanic
128,1,Native American/Alaskan Native
128,17,White
127,11,""
127,91,Black
127,2,Hispanic
127,5,White
126,41,""
126,2,Asian/Pacific Islander
126,582,Black
126,18,Hispanic
126,53,White
125,22,""
125,2,Asian/Pacific Islander
125,408,Black
125,3,Hispanic
125,13,White
124,12,""
124,124,Black
124,3,Hispanic
124,25,White
123,36,""
123,70,Black
123,187,Hispanic
123,282,White
122,18,""
122,51,Black
122,199,Hispanic
122,46,White
121,20,""
121,2,Asian/Pacific Islander
121,352,Black
121,41,Hispanic
121,9,White
120,16,""
120,428,Black
120,18,Hispanic
120,2,Native American/Alaskan Native
120,11,White
119,70,""
119,2,Asian/Pacific Islander
119,773,Black
119,47,Hispanic
119,2,Native American/Alaskan Native
119,88,White
118,15,""
118,3,Asian/Pacific Islander
118,275,Black
118,1,Hispanic
118,7,White
117,9,""
117,1,Asian/Pacific Islander
117,147,Black
117,1,Hispanic
117,20,White
116,22,""
116,196,Black
116,2,Hispanic
116,24,White
115,15,""
115,37,Black
115,121,Hispanic
115,2,Native American/Alaskan Native
115,27,White
114,6,""
114,2,Asian/Pacific Islander
114,144,Black
114,103,Hispanic
114,21,White
113,16,""
113,1,Asian/Pacific Islander
113,229,Black
113,98,Hispanic
113,32,White
112,12,""
112,360,Black
112,34,Hispanic
112,2,Native American/Alaskan Native
112,46,White
111,15,""
111,1,Asian/Pacific Islander
111,259,Black
111,5,Hispanic
111,13,White
110,10,""
110,209,Black
110,4,White
109,10,""
109,1,Asian/Pacific Islander
109,47,Black
109,133,Hispanic
109,6,Native American/Alaskan Native
109,35,White
108,12,""
108,2,Asian/Pacific Islander
108,221,Black
108,8,White
107,14,""
107,221,Black
107,2,Hispanic
107,6,White
106,27,""
106,4,Asian/Pacific Islander
106,297,Black
106,5,Hispanic
106,1,Native American/Alaskan Native
106,36,White
105,16,""
105,148,Black
105,67,Hispanic
105,83,White
104,17,""
104,90,Black
104,160,Hispanic
104,43,White
103,19,""
103,79,Black
103,136,Hispanic
103,38,White
102,26,""
102,2,Asian/Pacific Islander
102,223,Black
102,31,Hispanic
102,123,White
101,32,""
101,2,Asian/Pacific Islander
101,65,Black
101,101,Hispanic
101,55,White
100,7,""
100,1,Asian/Pacific Islander
100,169,Black
100,1,Hispanic
100,9,White
99,11,""
99,47,Black
99,91,Hispanic
99,39,White
98,95,""
98,6,Asian/Pacific Islander
98,587,Black
98,60,Hispanic
98,5,Native American/Alaskan Native
98,173,White
97,25,""
97,443,Black
97,7,Hispanic
97,8,White
96,8,""
96,6,Asian/Pacific Islander
96,38,Black
96,104,Hispanic
96,38,White
95,30,""
95,1,Asian/Pacific Islander
95,381,Black
95,7,Hispanic
95,12,White
94,31,""
94,5,Asian/Pacific Islander
94,584,Black
94,23,Hispanic
94,49,White
93,23,""
93,534,Black
93,9,Hispanic
93,25,White
92,25,""
92,9,Asian/Pacific Islander
92,111,Black
92,35,Hispanic
92,72,White
91,26,""
91,2,Asian/Pacific Islander
91,98,Black
91,13,Hispanic
91,1,Native American/Alaskan Native
91,63,White
90,51,""
90,11,Asian/Pacific Islander
90,173,Black
90,53,Hispanic
90,3,Native American/Alaskan Native
90,100,White
89,20,""
89,7,Asian/Pacific Islander
89,95,Black
89,12,Hispanic
89,57,White
88,35,""
88,409,Black
88,9,Hispanic
88,8,White
87,15,""
87,197,Black
87,6,Hispanic
87,3,White
86,87,""
86,7,Asian/Pacific Islander
86,253,Black
86,21,Hispanic
86,3,Native American/Alaskan Native
86,170,White
85,14,""
85,251,Black
85,13,Hispanic
85,18,White
84,12,""
84,3,Asian/Pacific Islander
84,200,Black
84,19,Hispanic
84,35,White
83,35,""
83,2,Asian/Pacific Islander
83,207,Black
83,22,Hispanic
83,89,White
82,61,""
82,6,Asian/Pacific Islander
82,128,Black
82,25,Hispanic
82,168,White
81,16,""
81,1,Asian/Pacific Islander
81,314,Black
81,12,Hispanic
81,1,Native American/Alaskan Native
81,10,White
80,11,""
80,265,Black
80,3,Hispanic
80,4,White
79,26,""
79,489,Black
79,3,Hispanic
79,1,Native American/Alaskan Native
79,24,White
78,17,""
78,3,Asian/Pacific Islander
78,426,Black
78,5,Hispanic
78,11,White
77,62,""
77,3,Asian/Pacific Islander
77,620,Black
77,24,Hispanic
77,27,White
76,22,""
76,2,Asian/Pacific Islander
76,115,Black
76,33,Hispanic
76,54,White
75,30,""
75,5,Asian/Pacific Islander
75,67,Black
75,36,Hispanic
75,65,White
74,19,""
74,2,Asian/Pacific Islander
74,64,Black
74,23,Hispanic
74,69,White
73,72,""
73,14,Asian/Pacific Islander
73,249,Black
73,37,Hispanic
73,4,Native American/Alaskan Native
73,235,White
72,58,""
72,18,Asian/Pacific Islander
72,167,Black
72,50,Hispanic
72,165,White
71,41,""
71,11,Asian/Pacific Islander
71,193,Black
71,19,Hispanic
71,1,Native American/Alaskan Native
71,123,White
70,49,""
70,6,Asian/Pacific Islander
70,175,Black
70,25,Hispanic
70,126,White
69,22,""
69,2,Asian/Pacific Islander
69,282,Black
69,6,Hispanic
69,11,White
68,26,""
68,458,Black
68,10,Hispanic
68,14,White
67,20,""
67,1,Asian/Pacific Islander
67,480,Black
67,49,Hispanic
67,25,White
66,28,""
66,1,Asian/Pacific Islander
66,390,Black
66,59,Hispanic
66,31,White
65,35,""
65,2,Asian/Pacific Islander
65,634,Black
65,56,Hispanic
65,31,White
64,36,""
64,508,Black
64,51,Hispanic
64,24,White
63,33,""
63,6,Asian/Pacific Islander
63,122,Black
63,88,Hispanic
63,1,Native American/Alaskan Native
63,59,White
62,12,""
62,5,Asian/Pacific Islander
62,47,Black
62,52,Hispanic
62,32,White
61,13,""
61,3,Asian/Pacific Islander
61,101,Black
61,41,Hispanic
61,64,White
60,40,""
60,7,Asian/Pacific Islander
60,333,Black
60,39,Hispanic
60,64,White
59,39,""
59,1,Asian/Pacific Islander
59,136,Black
59,146,Hispanic
59,37,White
58,7,""
58,11,Asian/Pacific Islander
58,16,Black
58,29,Hispanic
58,53,White
57,6,""
57,1,Asian/Pacific Islander
57,29,Black
57,22,Hispanic
57,29,White
56,14,""
56,9,Asian/Pacific Islander
56,72,Black
56,21,Hispanic
56,28,White
55,37,""
55,19,Asian/Pacific Islander
55,67,Black
55,17,Hispanic
55,105,White
54,1,White
53,1,Asian/Pacific Islander
53,1,Black
52,22,""
52,4,Asian/Pacific Islander
52,141,Black
52,20,Hispanic
52,40,White
51,5,""
51,1,Asian/Pacific Islander
51,1,Black
51,1,Hispanic
51,10,White
49,20,""
49,14,Black
49,57,Hispanic
49,2,Native American/Alaskan Native
49,122,White
48,16,""
48,6,Asian/Pacific Islander
48,45,Black
48,104,Hispanic
48,1,Native American/Alaskan Native
48,74,White
47,7,""
47,3,Asian/Pacific Islander
47,37,Black
47,11,Hispanic
47,1,Native American/Alaskan Native
47,27,White
46,49,""
46,14,Asian/Pacific Islander
46,58,Black
46,104,Hispanic
46,286,White
45,17,""
45,3,Asian/Pacific Islander
45,16,Black
45,19,Hispanic
45,89,White
44,28,""
44,7,Asian/Pacific Islander
44,23,Black
44,46,Hispanic
44,174,White
43,15,""
43,3,Asian/Pacific Islander
43,55,Black
43,4,Hispanic
43,1,Native American/Alaskan Native
43,43,White
42,31,""
42,26,Asian/Pacific Islander
42,90,Black
42,64,Hispanic
42,1,Native American/Alaskan Native
42,169,White
41,16,""
41,7,Asian/Pacific Islander
41,52,Black
41,24,Hispanic
41,65,White
40,20,""
40,5,Asian/Pacific Islander
40,76,Black
40,23,Hispanic
40,5,Native American/Alaskan Native
40,55,White
39,23,""
39,13,Asian/Pacific Islander
39,21,Black
39,49,Hispanic
39,99,White
38,37,""
38,29,Asian/Pacific Islander
38,161,Black
38,46,Hispanic
38,3,Native American/Alaskan Native
38,117,White
37,27,""
37,5,Asian/Pacific Islander
37,104,Black
37,39,Hispanic
37,1,Native American/Alaskan Native
37,86,White
36,41,""
36,35,Asian/Pacific Islander
36,125,Black
36,35,Hispanic
36,2,Native American/Alaskan Native
36,70,White
35,27,""
35,1,Asian/Pacific Islander
35,23,Black
35,38,Hispanic
35,151,White
34,69,""
34,10,Asian/Pacific Islander
34,270,Black
34,34,Hispanic
34,1,Native American/Alaskan Native
34,180,White
33,5,""
33,2,Asian/Pacific Islander
33,8,Black
33,7,Hispanic
33,13,White
32,26,""
32,1,Asian/Pacific Islander
32,144,Black
32,12,Hispanic
32,46,White
31,12,""
31,4,Asian/Pacific Islander
31,13,Black
31,15,Hispanic
31,77,White
30,29,""
30,1,Asian/Pacific Islander
30,123,Black
30,13,Hispanic
30,53,White
29,23,""
29,5,Asian/Pacific Islander
29,25,Black
29,30,Hispanic
29,2,Native American/Alaskan Native
29,153,White
28,14,""
28,2,Asian/Pacific Islander
28,178,Black
28,35,Hispanic
28,41,White
27,20,""
27,16,Asian/Pacific Islander
27,147,Black
27,34,Hispanic
27,2,Native American/Alaskan Native
27,88,White
26,20,""
26,1,Asian/Pacific Islander
26,280,Black
26,13,Hispanic
26,57,White
25,16,""
25,6,Asian/Pacific Islander
25,69,Black
25,24,Hispanic
25,91,White
24,24,""
24,1,Asian/Pacific Islander
24,75,Black
24,12,Hispanic
24,2,Native American/Alaskan Native
24,108,White
23,48,""
23,12,Asian/Pacific Islander
23,220,Black
23,78,Hispanic
23,224,White
22,17,""
22,1,Asian/Pacific Islander
22,7,Black
22,42,Hispanic
22,159,White
21,21,""
21,2,Asian/Pacific Islander
21,43,Black
21,87,Hispanic
21,135,White
20,19,""
20,2,Asian/Pacific Islander
20,38,Black
20,97,Hispanic
20,55,White
19,20,""
19,1,Asian/Pacific Islander
19,30,Black
19,68,Hispanic
19,52,White
18,17,""
18,55,Black
18,75,Hispanic
18,1,Native American/Alaskan Native
18,59,White
17,11,""
17,4,Asian/Pacific Islander
17,29,Black
17,56,Hispanic
17,1,Native American/Alaskan Native
17,58,White
16,40,""
16,14,Asian/Pacific Islander
16,205,Black
16,150,Hispanic
16,1,Native American/Alaskan Native
16,220,White
15,8,""
15,1,Asian/Pacific Islander
15,44,Black
15,36,Hispanic
15,86,White
14,66,""
14,8,Asian/Pacific Islander
14,191,Black
14,57,Hispanic
14,6,Native American/Alaskan Native
14,208,White
13,30,""
13,11,Asian/Pacific Islander
13,80,Black
13,25,Hispanic
13,2,Native American/Alaskan Native
13,168,White
12,13,""
12,19,Black
12,33,Hispanic
12,68,White
11,5,""
11,3,Asian/Pacific Islander
11,40,Black
11,57,Hispanic
11,1,Native American/Alaskan Native
11,81,White
10,15,""
10,4,Asian/Pacific Islander
10,23,Black
10,59,Hispanic
10,2,Native American/Alaskan Native
10,54,White
9,32,""
9,22,Asian/Pacific Islander
9,88,Black
9,107,Hispanic
9,195,White
8,22,""
8,2,Asian/Pacific Islander
8,55,Black
8,101,Hispanic
8,1,Native American/Alaskan Native
8,83,White
7,21,""
7,1,Asian/Pacific Islander
7,47,Black
7,33,Hispanic
7,87,White
6,33,""
6,3,Asian/Pacific Islander
6,39,Black
6,36,Hispanic
6,1,Native American/Alaskan Native
6,42,White
5,31,""
5,6,Asian/Pacific Islander
5,189,Black
5,19,Hispanic
5,1,Native American/Alaskan Native
5,62,White
4,17,""
4,6,Asian/Pacific Islander
4,58,Black
4,23,Hispanic
4,1,Native American/Alaskan Native
4,70,White
3,36,""
3,7,Asian/Pacific Islander
3,253,Black
3,22,Hispanic
3,2,Native American/Alaskan Native
3,80,White
2,4,""
2,4,Hispanic
2,19,White
1,21,""
1,7,Asian/Pacific Islander
1,32,Black
1,32,Hispanic
1,44,White
